listing_id,sale_price,area_sqft,bedrooms,bathrooms,floor,total_floors,age,property_type,locality,latitude,longitude,distance_to_nearest_it_park_km,distance_to_metro_km,nearby_schools,parking_available,facing,monthly_maintenance,amenities_count,transaction_date
LST0001,24081788,4346,1,2,8,9,24,Independent,Whitefield,12.911782888665348,77.63324361176907,2.27,2.9,6,1,South-West,6822,6,2021-05-09
LST0002,16315092,3027,2,1,1,14,6,Independent,Marathahalli,12.938963689814802,77.58362362567986,2.11,5.05,8,0,West,3072,5,2020-06-01
LST0003,38788921,2168,3,4,2,17,21,Villa,Yelahanka,12.870979883955357,77.64499019305275,9.9,1.39,8,2,West,8795,4,2024-04-13
LST0004,29735830,4600,5,4,4,5,22,Independent,Hebbal,12.933365648399002,77.5610445041486,13.19,5.96,3,0,East,9529,4,2023-10-21
LST0005,29301898,5652,1,1,4,13,0,Independent,Banashankari,13.019385236375884,77.73847669080045,11.96,3.3,7,2,South-West,4949,6,2022-03-03
LST0006,32210711,3338,1,4,0,5,16,Apartment,Hebbal,12.868027773232358,77.564964241039,2.55,6.34,7,0,East,7033,4,2021-02-09
LST0007,26981428,4098,1,1,7,12,23,Apartment,Electronic City,12.901350352119508,77.63769134305011,8.41,8.12,6,1,South-West,9328,5,2021-09-11
LST0008,34632483,5987,1,1,7,13,28,Apartment,Electronic City,12.945360260353327,77.6559762522177,2.03,6.19,7,2,North-East,3555,13,2024-05-16
LST0009,12628519,5887,1,1,3,13,28,Apartment,Electronic City,13.09551238425399,77.74706076645745,1.16,3.1,2,2,East,7370,6,2023-02-09
LST0010,24249687,4513,2,2,6,5,1,Apartment,Whitefield,13.04621545573972,77.58320436472857,10.02,2.71,9,2,East,5415,5,2021-03-09
LST0011,47081282,1666,5,4,9,6,27,Apartment,Yelahanka,13.033371686623026,77.57288630372247,8.26,3.41,1,0,East,6959,7,2023-06-12
LST0012,24300885,4980,3,1,2,16,25,Apartment,Whitefield,12.87904773913136,77.5517412294125,1.69,1.81,1,0,South,6993,9,2021-12-18
LST0013,43959284,3044,3,4,5,17,10,Villa,HSR Layout,13.045248973403748,77.58111428737386,1.01,1.98,3,1,East,6021,10,2022-05-21
LST0014,7981505,4707,3,2,9,5,8,Villa,Marathahalli,13.046317202879003,77.59145459581353,14.85,7.95,3,2,North,3907,7,2022-05-13
LST0015,16953367,3973,3,1,9,14,6,Villa,Marathahalli,13.000275673906081,77.67611618831661,0.94,3.97,1,2,North,3914,7,2024-09-07
LST0016,21544107,4569,2,3,8,6,21,Villa,Electronic City,13.097590445499593,77.59394135807828,6.95,4.47,7,0,South-West,4870,4,2021-08-07
LST0017,7521373,3146,4,2,0,14,16,Apartment,HSR Layout,12.931313476481138,77.55410416294586,7.82,6.02,4,0,North-East,6085,1,2021-07-18
LST0018,42574309,1353,5,3,4,16,16,Villa,Indiranagar,13.085318112060463,77.7153236691005,2.2,5.98,2,1,South,7546,14,2024-01-09
LST0019,6344769,2682,1,4,3,12,1,Apartment,Indiranagar,13.078682778739125,77.62311914020079,2.95,0.86,5,1,South-West,1395,8,2020-06-14
LST0020,45734783,3374,4,4,7,9,5,Villa,Electronic City,12.852870164937345,77.62073933731614,5.6,8.35,6,0,North,1938,4,2021-04-17
LST0021,36657787,3496,3,2,0,16,13,Independent,Banashankari,12.962529131618702,77.61049580583358,11.54,1.94,9,2,South,3510,1,2023-12-17
LST0022,37817184,4785,4,4,8,15,5,Villa,Whitefield,13.094276058262892,77.74507465542928,7.85,7.29,4,1,South,5636,5,2023-10-08
LST0023,34642059,1375,5,3,5,11,1,Villa,Electronic City,12.875780340602018,77.58402308346186,9.75,7.77,2,0,North-East,2649,14,2020-04-05
LST0024,12784633,2225,1,1,3,6,0,Apartment,Jayanagar,12.986946173595829,77.72964761279064,14.79,7.21,5,0,South,4690,14,2023-09-11
LST0025,42219221,3669,1,1,8,12,9,Villa,Hebbal,13.094739376760275,77.70536066642798,11.64,5.87,3,2,East,4435,8,2023-02-18
LST0026,33349564,1017,5,1,4,15,20,Independent,Marathahalli,12.988873856026464,77.56529599109986,6.8,0.34,2,0,South,4201,4,2023-05-26
LST0027,46250411,714,5,2,4,10,4,Apartment,Indiranagar,12.897453825743039,77.74734582030017,6.97,3.73,1,0,North-East,5179,13,2024-10-30
LST0028,34943512,1216,3,4,4,12,1,Apartment,Koramangala,12.995545807523147,77.6042731927078,9.47,6.13,2,1,South-West,9405,12,2022-04-11
LST0029,45860080,4574,1,3,0,5,21,Villa,Indiranagar,12.901110143487386,77.56971658540448,10.15,4.0,6,0,North-East,4237,8,2020-04-01
LST0030,42297498,3867,4,4,0,19,15,Apartment,Marathahalli,12.979926065723621,77.71586284682515,7.76,8.66,8,0,North-East,4862,8,2024-12-02
LST0031,13642490,1425,2,4,7,5,24,Apartment,Hebbal,12.868510554478087,77.69133510673554,9.85,3.23,3,1,North,1058,3,2022-11-23
LST0032,42668222,2116,2,4,7,16,1,Apartment,Marathahalli,13.0013706673036,77.67344376117558,0.84,3.08,9,2,East,5938,9,2020-11-05
LST0033,49792155,3746,5,1,5,11,9,Apartment,Koramangala,12.97919748478204,77.58119617273978,6.73,2.81,9,2,North,3971,3,2020-02-17
LST0034,24498555,1012,3,3,3,12,1,Apartment,Electronic City,13.035040342190365,77.64569922325119,4.54,3.46,2,1,South-West,9314,1,2021-11-06
LST0035,33008271,1328,2,3,1,17,15,Apartment,HSR Layout,13.007675117789695,77.70611120537744,2.37,5.66,8,1,West,4345,2,2024-09-02
LST0036,15648637,3948,1,4,1,7,15,Independent,Koramangala,12.98740156713269,77.61072478762877,1.94,7.13,5,2,South-West,3486,6,2021-03-22
LST0037,19861870,3408,5,1,8,9,18,Villa,Marathahalli,13.02244471231203,77.612337965703,9.25,6.69,4,2,East,1561,12,2023-08-30
LST0038,41702013,1275,4,1,4,16,28,Independent,Marathahalli,12.885985478393057,77.55062818120962,8.09,8.12,5,2,South,4981,10,2024-03-23
LST0039,35049003,4065,5,3,3,5,6,Apartment,Jayanagar,12.998839915314651,77.58484868032907,4.18,8.88,4,2,North-East,7261,2,2023-11-08
LST0040,5428388,3104,4,1,9,11,21,Apartment,Jayanagar,12.893027650705694,77.72508112502436,7.33,8.2,8,2,West,2737,6,2024-08-14
LST0041,39217478,3567,5,1,0,9,11,Villa,Yelahanka,13.08138055196297,77.63834929832754,7.64,0.39,4,1,East,4554,14,2021-04-11
LST0042,13959014,3386,5,1,6,12,23,Independent,Jayanagar,12.8670835262114,77.74684689984689,3.33,7.41,6,0,North,8095,1,2024-07-15
LST0043,23193880,1722,5,2,2,17,14,Villa,Whitefield,12.957593687422698,77.62914159271476,9.96,2.24,2,2,North-East,9266,11,2021-03-14
LST0044,6385357,4679,4,4,5,12,7,Independent,HSR Layout,13.023949369413861,77.69303729095604,11.82,1.5,5,2,South-West,1294,13,2024-06-29
LST0045,47738553,2171,4,3,4,13,5,Apartment,Hebbal,12.964505552917064,77.60638380858094,11.98,6.46,6,0,North,9212,1,2020-07-27
LST0046,36237768,5673,5,3,4,11,27,Villa,Koramangala,12.873023813308226,77.62276192822819,9.24,3.33,5,0,East,6330,5,2024-03-23
LST0047,4465689,5704,2,2,4,15,26,Villa,Marathahalli,12.988344754031676,77.58814519751817,7.92,0.76,2,0,East,5655,10,2021-03-22
LST0048,19845364,2743,3,4,0,5,9,Apartment,Yelahanka,13.010407977206839,77.61941247369988,1.38,1.55,7,0,South-West,2109,13,2020-02-27
LST0049,31563547,2287,3,3,0,17,2,Villa,Yelahanka,13.025948077747627,77.65944750408413,4.67,0.21,4,0,West,4771,11,2020-01-27
LST0050,14392366,4732,3,1,2,7,18,Independent,Hebbal,12.943314953615689,77.74835457619585,1.85,9.05,8,0,South-West,9563,9,2021-01-07
LST0051,5669995,4451,4,3,9,12,16,Independent,HSR Layout,12.99091499275719,77.68284034261436,14.48,0.44,7,1,South,7123,14,2023-12-29
LST0052,49393852,4040,4,1,3,7,6,Independent,Koramangala,12.962671618734728,77.58984919088167,2.46,2.25,7,0,North,8647,8,2021-09-05
LST0053,24775111,4366,2,2,4,12,20,Independent,Indiranagar,13.018014009688063,77.55899228831831,2.7,4.28,9,0,West,2174,3,2022-01-26
LST0054,16479854,2926,3,1,1,5,19,Apartment,Jayanagar,12.995889241831204,77.5752712962629,13.4,3.69,1,1,North-East,2164,3,2024-09-13
LST0055,9397986,3514,3,3,7,9,25,Villa,Electronic City,12.981439054889783,77.66251104025461,14.19,9.13,6,0,South,9712,1,2020-03-10
LST0056,16187277,5568,5,3,1,8,3,Independent,Yelahanka,12.912381091709562,77.70303206576335,11.6,0.59,6,2,West,5466,14,2021-12-28
LST0057,4870928,5992,4,3,8,9,13,Apartment,Jayanagar,12.850504629437058,77.73808384146015,0.58,5.22,6,2,North,6538,3,2022-11-04
LST0058,40709731,4552,3,2,1,12,19,Villa,Jayanagar,12.893520418827856,77.55316463439937,0.52,6.87,6,0,East,8111,14,2023-07-03
LST0059,47500529,1195,2,2,8,14,21,Villa,Whitefield,12.879266510356041,77.65455202831237,5.98,9.33,7,1,North-East,9434,12,2024-11-09
LST0060,29939239,1328,2,4,6,19,14,Apartment,HSR Layout,12.962271186252737,77.64417347124463,2.58,6.28,6,2,South-West,3800,12,2021-03-24
LST0061,26027075,1965,3,3,7,18,23,Apartment,Electronic City,13.003064537690461,77.68121100439514,0.77,8.08,1,1,North,5607,12,2023-06-06
LST0062,17091261,5092,4,1,1,8,7,Independent,Indiranagar,12.903271252171201,77.66191577089306,7.23,1.02,3,2,South,8262,13,2021-02-02
LST0063,22082629,1298,2,2,6,15,20,Villa,Marathahalli,13.084764273991796,77.6874078301165,14.17,3.98,2,0,South,2541,11,2021-06-03
LST0064,23687413,995,5,3,5,8,14,Villa,Whitefield,12.851670532305972,77.68161651694983,5.2,3.86,6,1,East,3765,1,2020-04-04
LST0065,25335235,4771,2,3,3,19,21,Apartment,Jayanagar,13.043075253791335,77.57340234497158,10.09,8.89,8,1,East,5491,8,2022-11-13
LST0066,3271836,4960,1,2,6,7,19,Villa,Jayanagar,13.00630119238261,77.70994358272374,9.96,1.68,3,1,North-East,4083,1,2021-08-21
LST0067,6584702,3102,1,4,3,11,27,Independent,Banashankari,12.94338870026192,77.57464651514326,4.14,1.69,8,2,South-West,6356,5,2024-09-22
LST0068,43835801,2419,4,2,1,7,13,Villa,Electronic City,12.862622236103102,77.68970612504182,9.93,3.42,8,2,North-East,2857,9,2020-06-24
LST0069,11585377,1317,3,2,9,16,26,Apartment,Electronic City,13.00687164294607,77.63322907352811,3.58,0.73,5,2,East,1769,7,2024-10-09
LST0070,22435721,3382,4,1,6,7,28,Apartment,Banashankari,12.946403378216411,77.65277014691532,2.27,1.99,8,0,East,2422,4,2024-01-27
LST0071,21048957,5546,4,1,7,15,8,Independent,Electronic City,13.084066784853304,77.73065960287514,10.67,9.66,6,2,South,9598,11,2023-07-04
LST0072,23546531,4177,4,4,1,14,7,Independent,Jayanagar,12.985497518722442,77.7279767452947,2.14,4.4,5,0,East,3972,9,2024-11-29
LST0073,20824013,743,4,3,4,9,25,Villa,Yelahanka,13.084912877823376,77.71357126113101,14.96,6.39,9,1,West,2872,9,2021-01-18
LST0074,39601694,5580,5,2,0,9,27,Villa,Koramangala,12.905120923368326,77.65202967609126,3.16,7.32,7,1,North,6599,2,2023-05-23
LST0075,47528071,3740,5,4,6,18,25,Apartment,Jayanagar,13.031431477591026,77.69724796202676,9.12,3.8,8,0,East,3269,10,2020-08-17
LST0076,37119117,5091,2,1,7,10,16,Independent,Whitefield,13.00431225521218,77.65257941110376,6.46,1.64,1,2,North-East,6275,10,2020-11-03
LST0077,39433622,3538,1,2,5,12,1,Independent,HSR Layout,13.034852057457828,77.72392121649496,2.33,2.22,2,0,South-West,5749,11,2020-10-09
LST0078,25373627,4236,4,3,4,14,24,Independent,Banashankari,12.903666965993134,77.63055516664657,0.9,3.27,8,1,South-West,7571,12,2022-05-18
LST0079,37561725,3822,2,1,5,10,23,Villa,Indiranagar,13.016248629059444,77.74404706888298,9.53,6.43,9,1,South-West,6072,6,2020-05-05
LST0080,6366612,1767,1,1,1,19,29,Independent,Marathahalli,12.974510098264217,77.73646455164578,12.2,4.1,4,0,West,6463,4,2023-07-19
LST0081,27584529,3216,3,1,0,16,2,Apartment,Indiranagar,13.03570624372658,77.69832052389036,12.71,0.27,9,2,North-East,8450,8,2022-03-12
LST0082,39258670,1662,5,4,6,5,7,Apartment,Jayanagar,12.931761161037954,77.6058831768352,7.5,5.33,4,2,West,9420,12,2021-10-03
LST0083,5630708,2756,1,3,6,19,11,Villa,Whitefield,13.072514256366313,77.57633071775865,11.77,9.23,9,0,East,4959,11,2021-04-30
LST0084,40049111,5761,3,2,9,12,0,Villa,Jayanagar,12.871075328652838,77.72094069001864,10.26,8.16,7,0,North,2313,7,2024-07-28
LST0085,47556780,5905,1,4,9,12,9,Independent,HSR Layout,13.051797329697797,77.58306045722759,11.0,8.29,2,2,South-West,8847,7,2022-05-27
LST0086,4285160,3582,5,4,1,13,19,Villa,Yelahanka,13.065329906453773,77.72085215779947,7.64,7.99,9,1,North-East,2070,11,2021-06-07
LST0087,25857742,3894,5,4,1,13,2,Apartment,Marathahalli,13.054313077841705,77.64815300134246,9.68,3.37,4,0,South-West,4285,10,2020-07-26
LST0088,41727468,5329,2,1,0,6,5,Independent,HSR Layout,12.978181598565444,77.63131135676161,12.18,7.7,8,2,West,9949,9,2024-09-08
LST0089,3048984,1756,4,3,9,19,6,Apartment,Banashankari,12.95959624500769,77.73063815576688,6.27,1.6,7,2,South,4095,13,2022-11-10
LST0090,13788678,5934,1,4,7,6,19,Independent,Banashankari,13.099065571631218,77.67077019650806,12.19,6.65,7,1,East,1320,5,2021-02-28
LST0091,9556168,1332,1,2,7,7,22,Villa,Jayanagar,12.90729298780354,77.66532280142594,9.08,6.49,8,1,North,3321,6,2023-10-28
LST0092,31431703,4930,3,3,0,5,24,Independent,Whitefield,12.986718991469012,77.66175318892488,2.91,0.45,1,1,East,1555,1,2022-09-09
LST0093,21281600,5446,5,2,7,8,26,Independent,HSR Layout,13.017668881345582,77.6242339032039,0.86,7.92,5,1,South,5939,6,2022-04-21
LST0094,26717335,1553,1,3,8,18,17,Apartment,Hebbal,13.025216908965358,77.70712862070583,5.76,9.05,2,1,North,6432,2,2024-09-01
LST0095,15719242,3139,5,2,3,8,10,Apartment,Whitefield,12.901006166434644,77.60055968880316,8.43,2.82,2,0,South,2386,6,2023-03-02
LST0096,19030288,3924,1,1,0,18,18,Independent,Yelahanka,13.01349852308495,77.73777899200826,12.68,8.16,1,2,East,5763,9,2022-03-19
LST0097,38291527,3901,2,4,0,13,4,Villa,Banashankari,13.054592391620334,77.72879704100939,2.35,1.01,5,0,West,7854,8,2023-07-30
LST0098,47054178,2142,4,2,2,13,18,Villa,Jayanagar,12.862504644205277,77.61749606513497,12.1,6.08,2,0,East,8637,9,2023-08-23
LST0099,41334882,5893,1,3,4,13,10,Apartment,Electronic City,13.077880323331328,77.69589275396633,13.01,4.96,4,0,East,5841,13,2022-09-19
LST0100,27246560,1791,5,4,4,14,23,Villa,Banashankari,12.8573760137863,77.66464463888991,2.68,5.55,3,0,East,4867,10,2022-01-11
LST0101,22009001,3593,2,4,8,11,11,Apartment,Marathahalli,12.938992758122097,77.61752986039984,12.85,9.28,3,0,North-East,4793,8,2023-10-28
LST0102,47891129,3281,1,3,9,18,9,Villa,Koramangala,12.85395329905824,77.74770432959909,14.88,8.74,2,1,South,8373,3,2023-09-21
LST0103,30891752,1817,3,2,1,19,7,Independent,Electronic City,12.869286292134895,77.55504746916965,11.04,7.89,6,1,South,3513,8,2023-10-28
LST0104,40407771,2140,4,1,1,6,23,Apartment,Jayanagar,13.07779207129502,77.60052920612425,11.88,2.88,2,2,South-West,4803,6,2022-05-20
LST0105,19013446,3836,1,1,5,14,27,Apartment,Hebbal,12.938715207686537,77.65401481222223,14.92,9.14,8,0,South,3327,13,2021-11-04
LST0106,30009224,2986,2,2,8,9,27,Independent,Electronic City,12.956192882606263,77.6543906006957,9.28,1.16,8,2,South-West,9809,6,2020-02-09
LST0107,14910049,4319,3,4,0,8,8,Apartment,Marathahalli,12.903836095345637,77.66778661498911,4.96,8.56,5,1,North-East,3165,6,2020-02-23
LST0108,10130144,1988,2,4,8,16,3,Villa,Whitefield,12.99927394254668,77.70033523440458,12.64,3.42,7,1,West,4308,3,2023-11-23
LST0109,7545583,2456,2,4,8,15,4,Villa,Hebbal,12.998700803669447,77.67469556610386,9.41,0.73,4,1,South-West,7452,10,2024-04-07
LST0110,44542436,1965,3,4,8,12,20,Apartment,Banashankari,12.943050097956304,77.67005629210561,8.93,6.76,1,0,East,9067,1,2022-02-19
LST0111,49626914,1099,2,2,4,6,7,Villa,Hebbal,12.933258717951349,77.56070289258261,4.18,2.47,2,0,West,8642,12,2021-04-11
LST0112,42070421,2280,3,4,8,10,22,Apartment,HSR Layout,13.071241077045146,77.62530605755786,11.47,2.59,4,1,North-East,7404,14,2023-09-27
LST0113,17881728,1110,1,3,3,17,8,Independent,Marathahalli,12.94582105991055,77.59641114794023,1.68,3.2,1,2,South,1992,4,2020-11-07
LST0114,37045666,4912,3,4,1,9,14,Apartment,Electronic City,12.973375248038602,77.6030740223204,13.9,0.82,8,2,South-West,6424,10,2022-06-17
LST0115,46891300,1924,3,1,5,19,14,Independent,HSR Layout,12.920826190606233,77.66086749486807,5.22,1.94,9,1,East,5381,12,2020-09-25
LST0116,15722094,1755,4,4,3,16,15,Villa,Hebbal,13.046692375839282,77.58990106298592,2.35,0.25,4,2,North,4174,6,2021-02-22
LST0117,46464141,2427,3,2,5,6,13,Independent,HSR Layout,12.949362039224772,77.60878982020338,6.91,4.57,3,1,North,5782,11,2022-09-21
LST0118,25178434,3741,3,1,2,15,7,Villa,Indiranagar,12.978402761636081,77.59741694170347,1.12,1.03,2,2,West,6560,12,2020-09-24
LST0119,49321408,4086,1,2,5,14,17,Apartment,Marathahalli,12.913339292514914,77.73970058864364,10.43,6.89,5,1,South,8460,10,2020-04-10
LST0120,15796932,2410,4,2,1,19,9,Villa,Yelahanka,13.096914898085313,77.73893314643422,13.59,2.51,3,2,North,4078,2,2024-08-17
LST0121,9914550,3523,5,1,1,5,27,Apartment,Whitefield,12.92287393523093,77.6719883117192,12.64,9.45,7,0,West,3983,7,2024-09-11
LST0122,25944510,5901,1,2,8,12,19,Apartment,Hebbal,13.042685632726387,77.73490449374638,2.35,8.74,6,1,North-East,8259,7,2024-11-05
LST0123,29063245,2814,1,2,6,6,5,Independent,Marathahalli,12.95687391258919,77.70716252909368,2.33,3.04,1,1,West,7054,11,2024-06-25
LST0124,43461158,4786,5,4,2,11,11,Independent,Yelahanka,12.901554351271034,77.66798957656036,12.29,7.88,8,2,West,3523,4,2022-10-28
LST0125,42443226,1313,3,3,0,13,1,Independent,Yelahanka,13.049929690991215,77.55128704229935,13.9,8.07,2,1,West,5581,4,2023-10-27
LST0126,33527880,4202,2,2,7,13,6,Independent,Jayanagar,12.93340169725726,77.70450325721588,7.18,9.87,5,1,East,6609,1,2021-01-27
LST0127,35374990,4734,4,2,5,12,15,Villa,HSR Layout,13.066298336849453,77.69049766831769,7.74,6.06,9,1,West,3001,13,2022-10-05
LST0128,27335374,4122,2,2,6,15,2,Villa,Yelahanka,13.078814296229455,77.67305073065648,5.11,1.0,8,0,South-West,2387,2,2023-07-03
LST0129,9510425,4868,5,4,8,18,12,Villa,Indiranagar,13.064955958847818,77.70208486233649,13.47,6.54,2,0,West,7552,9,2023-01-07
LST0130,45065449,5348,1,3,4,16,2,Apartment,Marathahalli,12.8587519787017,77.65258443295495,9.85,6.32,9,2,East,2030,10,2021-05-29
LST0131,10887739,5449,1,1,0,14,26,Villa,Koramangala,13.046843336251277,77.69081665426427,4.68,6.46,5,0,East,2220,8,2020-04-05
LST0132,3769598,1843,4,4,9,13,17,Villa,Koramangala,12.952834866624785,77.7370344173453,4.83,3.21,6,2,North-East,7035,8,2024-12-05
LST0133,25070111,4309,1,4,6,6,10,Villa,Hebbal,13.068430730045556,77.62516100316921,13.42,8.62,3,0,South,7523,9,2021-03-02
LST0134,31433648,1681,1,3,4,10,7,Independent,Banashankari,13.009488565671184,77.69162436698012,0.7,9.6,3,2,North,9074,7,2022-04-16
LST0135,10971379,1055,4,3,2,8,5,Villa,HSR Layout,13.058410783535988,77.64513756360219,5.18,2.33,8,0,North,1834,13,2022-06-13
LST0136,6331068,5524,4,4,8,18,0,Apartment,Banashankari,12.97485794246671,77.6848799303628,8.54,1.06,2,0,West,2724,9,2022-09-26
LST0137,39810847,1494,5,1,0,8,27,Independent,Yelahanka,12.983756376149733,77.70257866711087,2.65,2.11,2,2,North-East,7598,10,2021-09-25
LST0138,37428803,1984,1,4,0,9,0,Apartment,Marathahalli,12.886096908033416,77.55909050008715,1.84,8.24,5,1,West,3413,12,2023-04-08
LST0139,8654237,2558,1,3,0,16,22,Villa,Hebbal,13.04599683967234,77.67932008878974,12.32,6.83,6,1,North,6993,2,2022-05-22
LST0140,48816038,3672,5,1,2,7,7,Independent,Electronic City,12.954847402916743,77.59534823688139,13.47,6.43,2,0,East,5498,6,2021-10-29
LST0141,20750764,2596,3,3,5,18,4,Apartment,Yelahanka,12.975020029567895,77.6840065075615,12.44,4.14,5,2,South,3105,3,2023-12-15
LST0142,39898446,4885,3,1,9,5,27,Villa,HSR Layout,13.046274428523926,77.64366603718676,13.53,5.86,7,1,North-East,3568,11,2022-03-05
LST0143,26841962,1104,3,2,2,12,15,Apartment,Koramangala,12.99971135001986,77.70471054837297,8.52,3.22,8,2,East,1209,6,2023-07-19
LST0144,46156515,1814,5,3,7,9,10,Apartment,Jayanagar,12.900274681860667,77.57468016304112,12.28,4.88,7,1,South,5911,3,2024-06-20
LST0145,25993420,2131,1,3,9,7,4,Apartment,Marathahalli,12.997558164787723,77.67526447033124,6.07,7.97,8,2,North-East,3220,8,2021-09-23
LST0146,24970758,4040,5,4,1,14,3,Villa,Whitefield,12.951908214494914,77.6056941457855,10.16,9.82,9,0,North-East,1233,11,2020-05-06
LST0147,39513466,1423,5,3,8,18,29,Villa,Banashankari,12.967381385510965,77.72059639906612,14.84,9.34,5,2,North,1792,13,2024-03-11
LST0148,34288562,1528,3,3,2,11,5,Apartment,Hebbal,12.857077818600667,77.73567670112726,3.77,9.35,5,1,East,4110,4,2022-01-10
LST0149,24351509,5629,2,2,4,11,13,Independent,Banashankari,12.90250733737907,77.74927965873582,6.15,4.14,4,0,North-East,3166,12,2021-08-05
LST0150,26484187,5836,1,3,9,5,21,Independent,Marathahalli,12.920259520345256,77.70920148048546,7.46,4.79,9,2,South-West,9526,10,2020-06-24
LST0151,36598017,733,3,2,7,16,18,Villa,Banashankari,13.0282400019647,77.7007468140856,2.5,7.12,5,1,North-East,6193,6,2022-08-15
LST0152,39093880,2705,2,2,1,13,8,Villa,Marathahalli,12.852873118324528,77.59310015177351,1.68,9.24,2,0,South,2214,9,2020-01-18
LST0153,17643995,4227,2,2,5,19,11,Villa,Banashankari,12.952194315307283,77.61720141179802,12.53,1.59,8,2,North,5419,2,2023-06-20
LST0154,32193243,5380,4,2,4,6,10,Villa,Indiranagar,13.081006717606433,77.64313650835246,14.66,3.18,7,1,West,8314,2,2024-04-23
LST0155,47066131,2452,1,1,9,9,13,Villa,Electronic City,12.87797015413728,77.70467620955645,6.37,1.56,8,2,North,9475,7,2024-04-21
LST0156,11306461,5510,2,4,8,17,22,Independent,Yelahanka,12.979106097054652,77.7329931730156,1.77,6.2,3,2,West,1212,2,2021-12-25
LST0157,38563453,5868,3,1,4,18,15,Villa,Yelahanka,13.046630595597712,77.58782782000459,1.45,3.2,4,0,East,2658,2,2022-01-05
LST0158,37755914,4775,4,3,1,9,0,Apartment,HSR Layout,13.08563282688003,77.73447349693402,13.42,3.4,5,0,East,6024,4,2023-09-07
LST0159,48377017,3533,1,1,4,18,12,Apartment,Whitefield,13.03669415988343,77.68912493047081,7.23,0.89,6,1,North-East,6917,9,2024-02-09
LST0160,26477595,3884,5,1,3,12,22,Independent,Whitefield,13.030141387161102,77.672154146137,5.14,3.63,1,0,South-West,6141,8,2020-01-01
LST0161,26637222,4898,3,3,6,18,20,Apartment,HSR Layout,13.05662202254894,77.58996825425639,7.41,8.65,4,1,East,2794,2,2022-12-16
LST0162,5484413,3411,2,3,5,12,20,Independent,Jayanagar,12.961550305244385,77.56110500656183,5.12,2.48,5,2,North-East,6988,8,2022-06-03
LST0163,5907360,5948,2,3,1,18,29,Independent,Yelahanka,13.051461133154458,77.6636929797016,7.59,7.01,7,2,North,9296,4,2021-08-08
LST0164,30948416,1850,3,1,4,11,12,Apartment,Jayanagar,12.851991101186362,77.68030313666577,12.96,6.37,5,1,East,6578,2,2023-06-15
LST0165,42449976,4112,2,1,6,11,1,Villa,Marathahalli,13.081140263844201,77.59215628987094,9.09,8.66,1,2,North,6551,11,2022-12-08
LST0166,33344474,1856,4,3,6,16,3,Apartment,Marathahalli,12.960826627379294,77.66129124116509,10.57,1.5,7,0,North,4845,10,2022-12-26
LST0167,25474685,3976,1,4,4,15,27,Apartment,Koramangala,12.988345046966437,77.72129868055251,5.79,9.78,8,2,South-West,7906,7,2020-06-15
LST0168,5235000,5862,4,4,8,10,5,Independent,Banashankari,12.91372056222872,77.717013189091,11.21,5.91,7,0,East,1378,6,2023-04-12
LST0169,26685747,4086,2,2,3,10,25,Apartment,Whitefield,13.035632708210105,77.73547103611726,10.17,9.96,4,1,North,4293,14,2021-10-04
LST0170,40876684,4184,5,3,2,15,26,Independent,Koramangala,12.869158951618811,77.62317716191137,2.23,9.13,8,1,South-West,4329,10,2020-09-23
LST0171,8822184,1996,1,2,3,13,22,Villa,Electronic City,13.06815895063671,77.61360991451018,8.8,2.37,5,2,South-West,5808,5,2024-01-03
LST0172,36957122,4237,1,4,4,10,26,Villa,HSR Layout,13.057029207251585,77.69988520119617,4.22,0.75,9,2,East,8937,11,2021-09-09
LST0173,32859174,3930,3,2,5,16,4,Villa,HSR Layout,12.904015029061192,77.6362224810194,12.16,2.71,5,0,South-West,1224,1,2021-05-18
LST0174,39102853,3303,3,3,2,17,24,Apartment,Marathahalli,13.052331099571315,77.56750973280555,6.68,5.37,1,0,East,1737,2,2024-03-28
LST0175,49159303,1070,5,3,1,17,2,Independent,Yelahanka,13.04658943326537,77.60656022613409,14.92,1.88,9,2,East,1235,8,2023-11-01
LST0176,15195226,5731,1,3,3,6,0,Villa,Jayanagar,13.008054149438486,77.6337164571063,1.84,1.84,5,2,West,1711,1,2023-07-02
LST0177,4954109,1953,5,1,4,6,3,Independent,Whitefield,12.943380044224922,77.60850328509525,11.82,4.73,6,1,North,6988,3,2022-08-12
LST0178,17421668,3383,3,2,3,17,24,Independent,Koramangala,12.917874688545467,77.61644111418946,10.27,0.53,4,1,South,2888,2,2022-12-13
LST0179,24200096,3431,3,4,2,9,19,Villa,Jayanagar,12.907945897572338,77.60875518123487,11.63,1.39,6,1,East,8173,5,2021-01-10
LST0180,48055794,5663,1,4,7,19,1,Villa,Koramangala,12.929652240690901,77.5582998334366,4.96,4.28,8,2,North,2259,4,2023-03-24
LST0181,19266473,957,4,4,9,8,25,Independent,Banashankari,13.075889610858132,77.67741894016488,7.63,0.82,3,2,South-West,6246,13,2022-11-28
LST0182,43759979,3619,2,1,3,15,29,Villa,Electronic City,12.869410193997195,77.66945848407069,12.05,4.09,5,2,North-East,8271,7,2020-07-05
LST0183,44878167,1267,3,1,1,6,29,Independent,Electronic City,13.05721781906324,77.68067669969574,3.87,4.85,2,1,East,1748,5,2020-10-16
LST0184,26234510,5068,3,3,1,19,4,Independent,Jayanagar,12.937222518760455,77.58846197920673,3.78,4.62,2,2,South-West,4551,8,2023-12-18
LST0185,48968757,5727,4,4,0,19,2,Villa,Jayanagar,12.98039984900284,77.6091309083225,8.49,8.72,7,0,South-West,7400,4,2021-07-25
LST0186,3061087,1745,4,1,3,7,28,Apartment,Jayanagar,13.048621408412123,77.67392318538899,8.09,5.39,6,2,South-West,7643,12,2023-03-14
LST0187,16596255,4785,5,3,9,11,27,Villa,Koramangala,13.071094136755743,77.66992551369198,4.59,4.79,4,2,South-West,9701,6,2022-05-28
LST0188,21273392,4319,5,4,8,12,28,Apartment,Banashankari,12.936195355018162,77.65126606187086,4.82,4.22,5,2,South-West,2823,4,2020-02-17
LST0189,13274621,3345,2,2,6,16,8,Independent,Indiranagar,12.965460870318777,77.62008265000203,4.53,8.21,1,2,East,7852,2,2021-09-25
LST0190,16022704,1139,2,3,9,17,19,Independent,Jayanagar,12.953629016204198,77.73258620095494,11.69,8.97,7,2,South,8777,1,2023-04-16
LST0191,19816569,3379,1,1,6,10,5,Apartment,Yelahanka,12.853312758375978,77.61795404845977,9.95,8.56,8,0,West,5232,14,2022-12-16
LST0192,43038963,5564,5,1,6,15,17,Independent,Whitefield,12.923985722214663,77.64112383128744,12.57,6.8,9,0,South-West,7519,14,2020-10-27
LST0193,10654909,4736,3,3,7,9,5,Apartment,Whitefield,12.96479730843314,77.68562276619085,14.64,1.55,8,2,South-West,2777,1,2024-07-22
LST0194,40814054,5435,5,3,0,17,18,Apartment,Koramangala,12.95277340222011,77.65860428617336,7.38,2.91,5,1,West,2222,8,2021-02-23
LST0195,42280002,4375,3,1,9,5,27,Independent,Jayanagar,13.03048230687892,77.61937719527288,1.47,0.65,3,2,East,8630,14,2024-08-30
LST0196,20194096,5920,4,2,9,12,11,Apartment,Marathahalli,12.946200904305275,77.6371289580913,1.2,9.32,9,2,North,2777,4,2020-10-13
LST0197,35048740,5624,5,4,7,7,24,Villa,HSR Layout,12.972344112242666,77.7088961635707,4.79,6.68,6,2,North-East,8490,5,2023-04-02
LST0198,18421040,3108,4,2,3,19,10,Villa,Indiranagar,12.95740214803309,77.60562583109731,14.02,7.51,5,1,North-East,5859,11,2021-11-11
LST0199,27210512,3379,2,3,3,10,1,Independent,Yelahanka,13.035156537223592,77.57845104795535,8.09,3.25,3,1,North,9893,8,2022-09-05
LST0200,7965050,1524,2,2,3,7,14,Independent,Banashankari,13.06574309974674,77.61263264036596,4.44,8.49,6,1,East,9118,12,2021-05-25
LST0201,3813168,3556,1,1,5,11,11,Apartment,Marathahalli,12.982972269751878,77.71990684309758,6.29,2.74,3,0,North-East,3989,7,2023-06-01
LST0202,36779713,2181,5,3,6,17,11,Apartment,Electronic City,13.047358048548798,77.56779794297127,9.18,0.22,6,1,West,9343,13,2020-07-15
LST0203,14506305,3924,4,4,5,18,8,Apartment,Marathahalli,12.924196670504962,77.74833921467449,9.97,3.89,4,0,North,2325,8,2020-02-17
LST0204,23560091,5085,3,1,0,11,20,Apartment,Koramangala,12.985342402539317,77.65820057978553,2.73,5.79,2,0,South,6127,13,2023-02-28
LST0205,22772981,855,2,1,7,16,23,Villa,Indiranagar,12.936307488417492,77.74696914879343,14.67,4.89,8,1,East,9998,8,2023-03-05
LST0206,10734102,5404,2,4,9,19,1,Villa,Hebbal,12.953550231392958,77.73779928441719,8.4,8.65,4,1,North,3722,6,2024-06-11
LST0207,8674719,2438,3,4,6,13,21,Independent,Hebbal,13.033103466203167,77.64056274284218,2.47,1.23,9,1,North-East,5656,10,2024-03-06
LST0208,11658144,2544,4,2,5,9,2,Apartment,Jayanagar,13.070415620583178,77.58969821492107,13.46,5.63,7,0,East,2325,2,2021-12-02
LST0209,43163712,609,4,3,5,19,11,Apartment,Jayanagar,12.88037384777194,77.58297695531303,1.58,5.23,2,2,West,5133,6,2023-04-23
LST0210,25277522,3471,5,4,4,12,27,Independent,Koramangala,13.008659814121845,77.59799787277399,13.66,2.96,4,1,East,3869,14,2024-05-03
LST0211,40926525,1397,5,4,5,14,29,Apartment,Banashankari,12.99553595189445,77.6920265281129,14.95,8.26,5,1,East,2242,1,2024-07-09
LST0212,21338945,5572,1,3,8,14,25,Apartment,Jayanagar,12.879603759793982,77.6045899989463,10.66,7.58,3,1,West,9539,1,2021-04-16
LST0213,24808811,5724,2,4,9,12,15,Apartment,HSR Layout,12.902973582610027,77.61828505392086,11.67,7.38,9,0,South-West,2831,11,2022-11-09
LST0214,47165849,1615,5,4,8,5,20,Apartment,Indiranagar,12.92775062368317,77.63975576079892,5.39,8.79,5,0,West,2569,3,2023-09-23
LST0215,8478047,2424,4,2,9,16,27,Apartment,Koramangala,12.891732767704376,77.73264653608429,14.15,7.28,2,2,East,8246,3,2024-11-12
LST0216,28847493,5069,3,1,7,9,23,Independent,Whitefield,12.910932370631086,77.58787868357696,8.18,2.47,3,1,West,2918,11,2023-02-09
LST0217,35986527,3736,4,1,9,7,25,Apartment,Electronic City,12.916900199715426,77.55100531052196,11.12,7.11,9,0,South-West,7416,13,2020-11-08
LST0218,4119043,2793,2,1,8,5,29,Independent,Koramangala,12.933918458259765,77.56201928207562,13.9,3.22,7,2,North,4232,5,2022-02-01
LST0219,14718070,823,4,1,9,8,0,Apartment,Koramangala,13.03734761320029,77.73095326833602,14.64,2.57,2,1,West,4758,1,2021-02-25
LST0220,47149943,5958,1,4,7,12,20,Villa,Hebbal,12.99297805096265,77.67950329296868,12.58,0.92,9,0,West,6997,10,2020-04-12
LST0221,17012538,5548,2,3,7,7,2,Villa,Yelahanka,13.09656166798785,77.60460812386556,4.89,7.49,4,1,East,3355,6,2021-11-27
LST0222,36436048,4758,3,3,0,14,19,Villa,Banashankari,12.953683956741868,77.58543850020223,14.51,7.17,9,1,North,2824,7,2021-05-25
LST0223,43657662,5936,1,2,9,6,1,Villa,Yelahanka,13.038466268459231,77.60885334732743,9.61,2.5,2,0,South,8280,10,2020-01-12
LST0224,29906917,4525,2,2,4,15,8,Independent,HSR Layout,13.067867105344133,77.57295938545025,13.99,7.54,4,0,South,5060,12,2023-05-21
LST0225,39112663,5384,3,4,3,13,18,Independent,Whitefield,13.01974462325951,77.7383065820569,10.3,9.19,5,0,North-East,6324,13,2022-05-02
LST0226,9659908,4600,1,3,1,14,14,Apartment,Hebbal,12.952966185104374,77.70684123487305,4.95,1.26,2,1,West,1404,11,2021-06-22
LST0227,34378291,2233,1,3,7,9,17,Villa,Whitefield,13.038398657686438,77.64247823538251,5.87,2.48,1,1,West,2721,3,2020-06-04
LST0228,39634821,2752,2,1,2,18,25,Independent,HSR Layout,12.90091678444317,77.72299252102304,8.48,7.55,7,2,North,6316,4,2023-02-27
LST0229,38216341,1110,5,4,3,11,10,Apartment,Yelahanka,12.931888041295032,77.59989164085864,11.96,2.89,1,1,South-West,4845,10,2020-07-24
LST0230,22433354,984,1,4,6,15,24,Apartment,Koramangala,12.986671313774822,77.69342411369443,5.11,6.32,8,0,South,5210,11,2021-05-29
LST0231,19887294,1004,1,1,9,15,22,Independent,Jayanagar,12.993852346821537,77.72122649980275,8.91,1.0,3,1,North-East,1064,10,2023-04-02
LST0232,9314127,5213,3,4,8,6,15,Villa,Jayanagar,12.855535368868157,77.62135374232466,5.51,4.63,6,2,North,7382,14,2023-09-02
LST0233,33827104,5171,4,4,1,13,21,Apartment,Marathahalli,13.086278547189002,77.70149288909015,12.33,7.44,7,2,West,1968,12,2024-01-10
LST0234,46347144,2600,2,2,2,17,16,Villa,Electronic City,13.024156817804347,77.60901446985287,7.27,6.93,1,0,South,1368,10,2024-02-27
LST0235,38562619,3356,2,3,3,13,4,Villa,Banashankari,12.973925937557972,77.60977142705181,1.61,8.19,6,0,North-East,9424,14,2020-08-12
LST0236,38213498,2268,5,4,9,8,11,Villa,HSR Layout,13.083281808602077,77.57141143571083,2.91,8.8,7,2,East,3242,10,2020-05-19
LST0237,38703247,2060,5,2,0,8,10,Apartment,Electronic City,12.959773891312707,77.63801160930188,1.39,7.78,6,2,South,6002,10,2024-09-19
LST0238,43910172,4236,2,3,6,10,29,Villa,Banashankari,13.095108892567593,77.69594238129949,7.74,6.78,4,2,North-East,4083,3,2020-04-19
LST0239,27435642,3324,5,1,1,14,14,Apartment,Electronic City,12.978071189310871,77.73804416111426,2.04,0.51,1,0,North,9073,1,2023-05-31
LST0240,9404003,5409,3,2,4,14,26,Villa,Yelahanka,12.878571442499494,77.67075939838581,2.16,5.44,9,2,East,9880,8,2022-08-14
LST0241,7135314,4778,2,2,0,14,2,Apartment,Banashankari,13.041200243114819,77.72262710754715,14.15,0.57,4,2,North-East,2469,13,2021-12-26
LST0242,37465113,5864,5,3,2,10,0,Villa,Yelahanka,13.01972443126946,77.71449892985804,13.15,8.12,7,0,North-East,5725,10,2024-01-09
LST0243,36267858,2648,2,1,1,16,19,Independent,Koramangala,13.043246680326396,77.58466861059506,7.06,3.34,7,1,West,5259,10,2022-12-21
LST0244,24114003,4746,4,2,0,5,28,Villa,Hebbal,13.08786050718142,77.64716348578253,14.79,5.71,2,1,South-West,4622,2,2020-01-17
LST0245,22532639,5380,1,4,6,18,15,Villa,Yelahanka,13.044122325662753,77.57338470710508,0.5,2.94,1,2,South,1823,1,2024-01-19
LST0246,13421958,1316,2,4,4,18,1,Apartment,Jayanagar,13.002834150554161,77.68643063231232,9.4,7.87,8,1,West,4431,14,2022-09-11
LST0247,13700595,5144,1,4,0,13,1,Apartment,Electronic City,13.06432722559021,77.73997993364921,9.44,8.89,8,1,East,7528,8,2022-04-18
LST0248,15984808,5576,5,1,5,6,2,Villa,Marathahalli,13.018311609838632,77.57741789161575,7.13,4.11,7,1,South-West,5151,7,2023-07-06
LST0249,17764960,5183,1,2,4,9,7,Independent,Indiranagar,12.95202976420648,77.69677662616051,6.26,8.66,8,1,North-East,5213,7,2022-06-28
LST0250,32837223,2423,2,4,2,13,23,Independent,Banashankari,13.071404941060443,77.67644763017357,7.1,2.82,3,2,West,8420,4,2020-12-16
LST0251,12132582,2681,4,1,6,8,27,Apartment,HSR Layout,12.905475115196094,77.66672100740162,6.52,5.44,2,1,South-West,9989,11,2024-08-01
LST0252,44167719,4019,5,4,9,15,14,Independent,Marathahalli,13.02866031872718,77.62802404693767,11.09,8.62,7,1,South,1779,9,2021-03-17
LST0253,19385802,2174,2,3,8,7,6,Villa,Jayanagar,13.070390863735188,77.62102632955076,2.46,3.39,8,0,East,3892,6,2020-09-02
LST0254,6612600,849,5,2,8,19,5,Apartment,Yelahanka,13.032829129925824,77.55904983780377,3.37,9.55,1,2,North,6534,2,2021-08-29
LST0255,20603032,1273,3,2,8,11,8,Villa,Hebbal,13.024318854763465,77.5935817416504,3.12,1.39,9,0,West,4306,14,2022-09-14
LST0256,28540529,5133,1,1,1,10,19,Apartment,Koramangala,13.038159573517959,77.55303537645736,4.31,0.38,4,0,East,3902,1,2024-05-29
LST0257,15105878,2765,3,1,2,12,27,Apartment,Indiranagar,12.96626381207516,77.6662834211164,8.12,9.06,4,2,North,4718,1,2024-11-01
LST0258,46799966,1370,2,2,6,7,0,Apartment,Whitefield,13.068542670539257,77.57117064717558,2.11,0.87,3,1,West,1021,9,2020-02-07
LST0259,13047453,4562,4,4,4,9,7,Apartment,Marathahalli,12.900859118784023,77.72460387880594,13.09,9.92,6,0,East,2500,4,2024-08-05
LST0260,38581225,4963,5,4,1,14,22,Independent,Hebbal,12.881846604000085,77.65462860413943,4.81,9.52,1,2,East,4641,5,2024-09-07
LST0261,37109026,2584,1,3,2,8,22,Villa,Whitefield,12.921377195029628,77.68993798181174,2.86,1.54,6,1,South-West,6212,3,2021-06-23
LST0262,45090758,1677,5,4,9,19,2,Villa,Indiranagar,12.982894349193748,77.6321714183681,10.3,5.47,2,2,West,1191,4,2023-02-12
LST0263,19037627,835,2,1,5,17,3,Villa,HSR Layout,12.977640448852334,77.66211596180021,1.05,2.01,9,0,East,9587,12,2024-10-20
LST0264,16228175,988,5,1,6,8,25,Apartment,HSR Layout,13.055149689419146,77.73853183539333,9.49,4.4,2,1,North-East,8174,8,2022-02-01
LST0265,23281689,3637,1,4,8,8,24,Independent,Electronic City,12.951142164101004,77.56654680792474,10.62,0.8,7,1,West,6114,13,2023-02-04
LST0266,38759096,5458,2,1,0,14,14,Villa,Indiranagar,12.971086106572876,77.60078755438474,3.62,2.39,1,2,East,5662,4,2020-05-06
LST0267,7341747,2448,5,2,6,12,5,Independent,Indiranagar,12.853341920814849,77.70599766538211,1.11,3.76,7,1,South-West,5326,9,2024-10-30
LST0268,49510960,5319,4,2,7,10,14,Apartment,Whitefield,12.952434809110734,77.56974744137653,5.77,4.5,5,0,North,5335,9,2021-05-06
LST0269,35114689,3414,2,4,2,7,20,Villa,Hebbal,13.011943558237585,77.56513222078082,1.93,9.78,8,0,North,9281,6,2021-12-12
LST0270,31307083,3974,2,2,3,14,2,Independent,Banashankari,12.853877082656648,77.62230827975081,2.19,8.12,4,0,North-East,9648,2,2020-02-20
LST0271,45060836,3878,4,2,9,9,24,Apartment,Whitefield,12.920220491296561,77.56843359169449,4.19,7.43,7,2,West,6494,12,2021-12-19
LST0272,35797855,1852,3,3,5,10,20,Independent,Koramangala,12.901989089822347,77.66701568844124,4.78,5.46,6,1,South-West,9536,10,2023-09-21
LST0273,37795514,4581,1,3,9,9,20,Villa,HSR Layout,12.860496357227397,77.59525505016332,8.18,8.43,5,1,East,3711,11,2021-03-12
LST0274,8184502,5273,3,2,6,10,13,Villa,HSR Layout,12.969815022478635,77.72913959263987,10.34,3.53,4,1,East,8595,7,2021-03-06
LST0275,49835720,2722,5,4,3,12,19,Apartment,Electronic City,12.89543082330704,77.70670001616905,9.1,7.15,7,0,North,7273,9,2024-01-23
LST0276,26448674,5130,4,3,7,11,13,Apartment,Koramangala,13.035770384907845,77.6899410412199,2.65,9.94,5,1,South-West,7284,6,2023-06-30
LST0277,33948143,2750,3,1,4,9,3,Apartment,HSR Layout,13.061981970940836,77.6733888054769,3.0,3.28,5,0,North-East,9817,3,2024-03-28
LST0278,15503247,5459,2,1,0,14,11,Independent,Whitefield,12.986396295667287,77.7226931460683,13.24,6.81,1,1,North,4994,14,2024-08-30
LST0279,30853954,1929,5,1,3,10,16,Independent,Koramangala,13.095426835630285,77.59461241230855,8.6,8.47,2,0,North,2678,7,2022-09-27
LST0280,9041495,1958,5,4,2,18,6,Independent,Whitefield,12.962619642867649,77.72462176855285,13.11,9.17,5,1,North-East,9414,5,2020-11-14
LST0281,33831219,3082,3,2,8,8,8,Apartment,Banashankari,12.97834205255623,77.70789845968481,5.89,7.24,3,2,West,1743,1,2024-11-09
LST0282,28834058,5142,3,1,7,16,2,Villa,Banashankari,13.097304438489438,77.69963216527754,9.41,2.98,2,2,East,1462,3,2024-10-05
LST0283,26101383,2617,4,4,0,13,27,Villa,HSR Layout,12.907887108991261,77.66225113561498,8.09,3.4,4,0,West,2568,5,2023-04-22
LST0284,20569187,1931,1,3,5,17,12,Independent,HSR Layout,13.085636484919226,77.59924883219412,5.13,0.4,4,0,South-West,2736,7,2021-02-17
LST0285,37055589,4944,3,2,8,8,14,Independent,Hebbal,12.860709388779778,77.63470958319837,7.31,7.66,4,1,South,8903,3,2024-08-16
LST0286,14002109,4861,3,3,6,5,17,Villa,Banashankari,12.961596722565798,77.70871413090777,7.79,0.62,4,1,South,8002,6,2022-03-31
LST0287,42501026,1958,2,4,3,11,18,Villa,Marathahalli,12.867500878033265,77.55635569687146,3.41,8.67,3,2,South,9856,5,2023-03-26
LST0288,36163773,5715,5,1,0,11,0,Independent,Marathahalli,13.03230868572841,77.70641015385276,5.07,1.36,7,1,North-East,2356,13,2021-03-30
LST0289,14310552,5237,1,1,1,8,5,Independent,Electronic City,13.002102233970003,77.5980141480975,11.98,1.88,9,0,North,2014,1,2022-08-15
LST0290,34146082,5454,2,4,4,17,26,Villa,Banashankari,13.0266585658669,77.57886184014431,13.78,4.87,5,0,West,2054,10,2020-05-24
LST0291,24104792,3777,4,1,4,18,26,Apartment,Whitefield,12.943620099992003,77.57314026363606,5.72,7.43,4,0,East,2764,6,2022-01-10
LST0292,24739356,2728,4,2,7,7,22,Independent,Whitefield,12.942370483507844,77.55545000239016,4.95,1.56,2,0,South,7009,14,2022-11-21
LST0293,14471761,2780,3,4,5,12,26,Villa,Jayanagar,12.861329819740224,77.65471729704429,3.33,4.51,2,0,West,5458,8,2023-06-14
LST0294,22576703,5492,3,3,7,9,26,Villa,Koramangala,12.93748623488241,77.59365197453874,10.34,4.93,5,2,South,1667,13,2022-02-28
LST0295,39459373,737,4,4,1,14,1,Villa,Yelahanka,13.082322100565515,77.74788635315592,5.18,2.28,7,2,South,4370,13,2021-05-09
LST0296,10983441,4072,3,2,2,11,23,Villa,Marathahalli,12.944806634295112,77.66488735117444,14.82,1.33,9,0,East,6976,1,2022-03-12
LST0297,8320385,3432,1,2,5,8,13,Apartment,HSR Layout,13.057841926555492,77.5775770538712,5.22,8.4,7,1,South-West,2394,2,2023-09-03
LST0298,21877237,4179,3,4,9,8,5,Villa,Electronic City,13.060581376187484,77.68775250816228,6.21,5.12,5,0,South-West,9290,14,2023-12-23
LST0299,49918818,3631,5,4,2,12,13,Independent,Yelahanka,12.943310289094809,77.72954871330194,9.25,0.34,6,2,South-West,5070,4,2022-10-28
LST0300,46303868,4764,3,1,5,18,3,Apartment,Indiranagar,13.007997170099047,77.69903589907392,12.12,8.07,3,0,North-East,7982,12,2020-11-30
LST0301,26705256,3193,2,2,5,12,20,Villa,Electronic City,12.873842900568265,77.56528797220788,7.31,9.81,5,2,North,9613,2,2020-04-07
LST0302,20395683,4900,1,4,1,6,7,Apartment,Indiranagar,12.875919645183568,77.72917683623854,6.63,6.14,8,2,North-East,6599,11,2024-02-19
LST0303,41887584,4418,2,4,6,18,29,Independent,Banashankari,12.862164415915428,77.70878587717199,14.94,5.14,1,0,West,4650,9,2022-12-17
LST0304,13524227,4738,2,2,1,6,2,Villa,Indiranagar,12.995253773343777,77.58166078002112,0.65,8.81,1,0,North-East,4620,10,2023-04-23
LST0305,15344096,4423,5,4,5,7,18,Independent,Indiranagar,12.956517744406524,77.56035717774657,13.48,9.53,7,1,West,4190,8,2020-03-20
LST0306,43882573,4642,1,1,0,19,29,Villa,Hebbal,12.987008089166059,77.66146211506286,2.66,7.59,5,2,West,9789,8,2022-03-11
LST0307,32840175,2506,1,2,2,16,13,Villa,Hebbal,12.980268297627097,77.58120716226799,11.9,4.57,5,1,North,1391,4,2023-07-08
LST0308,33467575,1360,1,1,1,16,26,Villa,Hebbal,12.937550747772683,77.71691819051905,9.46,6.0,1,0,East,2075,5,2022-09-22
LST0309,41688639,4045,1,1,6,7,19,Villa,Banashankari,13.019368353705868,77.62166693133433,5.46,7.07,9,2,North,3650,4,2022-03-02
LST0310,45071431,1499,1,1,3,5,16,Villa,Yelahanka,13.039625470229097,77.73257848894731,13.17,2.1,1,1,South-West,3384,13,2021-05-01
LST0311,26508102,5055,5,1,7,19,24,Apartment,Electronic City,12.85365706471942,77.6631376344282,0.69,4.58,5,1,South-West,1809,9,2022-01-17
LST0312,12405634,3547,3,2,5,18,7,Villa,Electronic City,12.90181057494222,77.58653447684793,3.79,8.33,9,1,North-East,9047,13,2021-10-24
LST0313,8853584,2319,2,1,9,7,23,Villa,HSR Layout,13.028308967020834,77.57791977347196,8.72,6.62,4,0,West,6501,2,2022-12-08
LST0314,27947744,880,1,1,3,10,13,Apartment,Hebbal,12.946655043158458,77.66529448751155,5.6,4.23,8,0,South,7895,13,2023-04-15
LST0315,40856186,3866,3,4,4,12,25,Apartment,Banashankari,13.015620986735401,77.70237672237249,9.35,6.7,6,0,South,2159,11,2021-05-13
LST0316,38823474,2487,3,2,8,17,5,Apartment,HSR Layout,12.93674066493364,77.70630112954844,0.85,1.36,3,2,West,8574,8,2020-09-26
LST0317,4983509,3866,2,2,6,16,22,Apartment,Koramangala,12.94768878808241,77.60515148088825,2.19,4.13,4,0,North,2531,2,2022-05-19
LST0318,44294573,1266,5,3,9,18,21,Apartment,HSR Layout,12.889669718422422,77.59084935178244,2.34,7.97,2,2,East,6481,1,2020-12-28
LST0319,21298917,4788,4,2,8,14,15,Apartment,Yelahanka,12.91455775491654,77.55335126089848,3.24,2.36,1,1,North,8548,10,2024-10-15
LST0320,46563237,1271,4,2,6,10,24,Villa,Marathahalli,13.001352939376897,77.68583983024023,7.16,2.02,8,1,West,5976,3,2022-04-24
LST0321,13620268,2569,3,3,0,9,18,Villa,Indiranagar,12.958290777828791,77.56531365168671,11.41,9.52,1,0,West,6695,9,2022-01-26
LST0322,13166834,4756,2,2,7,19,13,Independent,Hebbal,13.043575670736148,77.63415224035319,13.63,2.26,1,1,East,9445,12,2022-05-21
LST0323,9105525,3722,4,2,3,8,18,Villa,Marathahalli,13.063146238734586,77.67033643280365,12.61,2.76,4,0,North-East,4548,3,2021-11-28
LST0324,29365210,5724,3,2,2,7,2,Villa,HSR Layout,12.985411604554189,77.73742178898394,3.35,9.7,6,2,North-East,7163,9,2022-01-11
LST0325,30180308,5299,5,2,6,17,9,Apartment,Banashankari,13.039566823014015,77.61236042739115,6.9,7.4,9,1,East,7671,7,2024-04-25
LST0326,14326237,5377,4,3,2,8,18,Apartment,Indiranagar,12.926726128298641,77.5999544324893,3.39,7.06,1,0,North-East,6264,13,2020-09-13
LST0327,22234400,4500,3,2,7,18,8,Villa,Electronic City,12.95374280385002,77.68083203085722,4.33,8.56,7,1,South,2231,10,2024-08-12
LST0328,37972607,1123,3,2,5,11,27,Independent,Whitefield,13.028194419054207,77.67384780641072,7.8,1.34,5,1,North-East,3423,1,2021-12-31
LST0329,23583904,2993,1,3,4,5,19,Apartment,Indiranagar,12.946552998204258,77.61642195666163,1.49,7.12,8,0,North-East,9071,10,2022-04-03
LST0330,36255876,3717,5,4,3,11,12,Villa,Yelahanka,12.997126233789746,77.73562036710196,3.66,5.14,7,1,North-East,5261,5,2021-03-23
LST0331,18900476,3193,1,1,7,5,6,Villa,Yelahanka,12.896343194770628,77.71897246549793,14.06,8.33,4,1,South,3908,9,2020-05-29
LST0332,43820227,2568,2,4,7,6,13,Independent,HSR Layout,12.999942828742624,77.59479650917301,7.26,5.18,4,1,North-East,5712,12,2022-05-14
LST0333,40327394,5797,1,3,0,19,8,Independent,Koramangala,13.065378426806722,77.59782850908691,6.96,6.28,6,1,South-West,7755,3,2024-05-23
LST0334,15580031,2353,1,1,8,8,26,Apartment,Yelahanka,13.067159909955857,77.65246006937741,0.71,4.88,6,2,South,4883,9,2021-09-08
LST0335,23818992,2896,4,3,4,5,27,Independent,Yelahanka,13.031086101582385,77.70471442034615,4.09,4.89,9,1,East,4515,5,2020-04-18
LST0336,25487056,5840,3,3,3,15,22,Villa,Banashankari,13.036438344769032,77.55880807587769,13.06,7.73,5,1,North,4403,9,2022-02-04
LST0337,46703467,2861,5,2,5,16,24,Villa,HSR Layout,12.989481861287675,77.68866703074694,2.89,6.36,8,0,East,5598,10,2021-03-30
LST0338,15707035,2886,1,1,5,15,27,Independent,Indiranagar,12.996167022541457,77.67964717947642,6.52,6.41,5,2,North,6008,6,2021-04-05
LST0339,8130397,5775,5,2,1,19,18,Independent,Koramangala,12.88341264535263,77.59629601918259,0.71,4.61,2,0,East,7222,9,2020-05-25
LST0340,6451356,4802,1,1,7,15,14,Independent,Marathahalli,12.960964797105325,77.68627060264826,7.44,5.4,6,0,South-West,5009,7,2023-04-24
LST0341,39998516,3478,2,3,6,13,19,Independent,Whitefield,12.96269407097159,77.73803663825042,0.8,7.51,9,0,North,3735,7,2022-01-22
LST0342,39481541,4743,1,3,0,16,13,Apartment,Hebbal,13.089624458916935,77.55935716899435,12.38,8.29,3,2,North,5491,8,2022-12-15
LST0343,49315618,4244,4,4,4,10,23,Independent,Electronic City,12.957771715655822,77.6139304110584,12.46,7.03,1,0,West,9593,7,2020-01-26
LST0344,30674903,5032,3,1,5,17,5,Apartment,Yelahanka,12.98733566122569,77.63763534333327,11.92,9.26,1,0,North,1974,12,2024-10-21
LST0345,14275612,5745,2,2,3,5,20,Villa,HSR Layout,12.983312849819775,77.72985207178493,4.61,8.24,3,0,North,1223,9,2020-02-18
LST0346,30097584,5976,1,4,1,5,28,Independent,Hebbal,13.009190429261082,77.74245228932183,12.64,5.71,5,1,West,5613,11,2022-12-12
LST0347,28297197,2655,5,4,3,10,3,Apartment,Electronic City,13.037058207832974,77.63882304929926,8.37,6.78,3,0,North-East,7777,9,2020-02-22
LST0348,45058334,5320,2,4,0,8,7,Independent,Electronic City,12.906260469042717,77.70000568242844,5.92,9.28,9,2,North-East,9427,6,2022-08-03
LST0349,48075554,1876,2,2,6,8,16,Villa,Marathahalli,12.98218110477461,77.6563322047529,9.57,6.27,8,2,West,5211,7,2024-08-24
LST0350,42769056,3366,1,4,1,19,29,Villa,Marathahalli,13.056479426829007,77.65755658694827,0.68,8.28,3,1,South,1225,2,2020-08-17
LST0351,40890300,902,2,2,1,15,8,Villa,Marathahalli,12.965778678459378,77.60561990301326,2.57,6.95,9,2,North,9183,9,2024-10-04
LST0352,46369428,1238,5,4,8,19,0,Independent,Jayanagar,12.919614386593393,77.59339124917277,11.26,5.61,6,2,North,5277,12,2020-05-13
LST0353,17650271,655,2,2,4,10,23,Independent,Jayanagar,13.013677268839075,77.60760106918481,4.04,2.57,7,1,West,2341,13,2024-10-08
LST0354,34725526,5421,5,3,1,19,19,Apartment,Electronic City,13.05594184894978,77.66126560145142,9.17,4.37,4,0,West,5036,1,2023-02-24
LST0355,15240032,1125,1,3,8,18,24,Villa,Marathahalli,12.865785073231848,77.55583103720441,6.08,9.68,4,1,South,9401,1,2020-12-26
LST0356,21992383,5169,3,3,8,16,13,Independent,Banashankari,13.044197620851806,77.73144978887129,12.89,6.65,2,0,South-West,4727,3,2023-06-12
LST0357,6886402,4723,2,3,0,15,10,Villa,Yelahanka,13.055411983240443,77.58125674190995,14.31,5.73,5,0,North-East,4928,12,2023-06-14
LST0358,45632984,2725,3,3,2,11,20,Villa,Hebbal,12.96538073189715,77.59401773537428,13.31,9.34,8,2,East,3803,6,2021-06-23
LST0359,20465321,3887,5,4,3,13,2,Apartment,Hebbal,13.095826414204616,77.65365523528953,4.42,5.95,7,1,South-West,7558,5,2023-05-06
LST0360,4989173,964,2,4,6,14,8,Apartment,Jayanagar,13.046677085176826,77.69202295326745,3.32,5.36,7,2,North-East,1393,2,2020-07-02
LST0361,39635193,5221,4,4,9,9,26,Apartment,Electronic City,13.043415641223916,77.56914581094888,7.38,7.64,6,2,North,7839,9,2020-02-05
LST0362,37968898,5578,3,2,3,13,13,Apartment,HSR Layout,13.036959643603018,77.61353893950943,0.61,7.18,3,0,South-West,9795,14,2020-12-26
LST0363,35474983,5726,2,2,1,8,29,Villa,Indiranagar,12.887652025804568,77.74373492111486,0.87,2.09,5,2,West,1581,13,2024-11-25
LST0364,36999533,5722,3,2,6,17,8,Apartment,Indiranagar,12.904307721613252,77.60246859335619,8.52,4.82,1,1,South,1132,10,2021-03-06
LST0365,17716695,2246,2,2,5,14,3,Apartment,Jayanagar,12.965997532866107,77.61261002901263,8.05,4.83,7,2,North-East,3838,14,2021-02-05
LST0366,27883825,1518,1,3,2,6,26,Apartment,HSR Layout,12.916001087489866,77.71729969812361,14.92,3.91,9,2,South,4385,4,2021-10-30
LST0367,27190239,3397,3,3,5,7,3,Apartment,Jayanagar,12.95381024308351,77.56004288633808,3.43,5.27,1,0,North-East,4770,4,2023-04-13
LST0368,27390485,2131,4,3,5,17,27,Villa,Indiranagar,13.07211602748073,77.6429226337618,4.24,4.25,2,1,South-West,3268,5,2020-02-13
LST0369,20882750,3945,4,1,4,15,7,Apartment,HSR Layout,13.056081722969816,77.62592335289033,2.15,2.15,3,2,North,1975,8,2021-01-24
LST0370,14616410,2506,5,4,3,5,1,Villa,Marathahalli,13.007509969619996,77.61331735198173,13.8,4.24,3,0,East,8605,10,2022-07-22
LST0371,13192257,3686,2,2,9,18,8,Independent,Electronic City,13.064530098562775,77.60713991880895,11.78,0.91,8,2,South,8213,4,2023-07-29
LST0372,46167705,5911,3,2,0,18,28,Villa,Hebbal,13.045943097254312,77.56827482097208,12.42,5.84,7,1,South,3835,5,2024-06-26
LST0373,30460368,5180,5,3,9,10,13,Villa,Banashankari,12.957246232960223,77.61296516587032,13.59,8.57,6,2,East,3738,12,2020-08-05
LST0374,24130343,2675,3,2,5,17,21,Apartment,Koramangala,12.900266288012485,77.55861048054314,8.11,7.31,4,2,South,5134,4,2023-01-05
LST0375,43869792,1313,2,2,1,10,8,Independent,Electronic City,12.978550260002335,77.70619277272888,7.04,3.73,9,0,South,7833,14,2023-10-16
LST0376,27850677,1662,4,4,2,5,23,Independent,Marathahalli,13.034057220632137,77.6296455587916,5.29,1.05,1,2,North-East,9353,6,2020-07-27
LST0377,3498863,2576,1,3,7,15,22,Independent,Indiranagar,12.959104899682398,77.63878076646398,9.04,2.18,2,0,North-East,2909,12,2022-04-24
LST0378,28533478,1896,4,4,9,17,15,Independent,Marathahalli,13.016692977445974,77.72871891729002,7.09,5.55,4,1,East,2963,3,2020-03-22
LST0379,29658609,5950,5,1,5,7,28,Villa,Jayanagar,12.87358185657276,77.68161099677225,7.05,2.23,3,2,North,6153,8,2022-11-16
LST0380,36059736,725,1,1,2,9,29,Independent,HSR Layout,13.037001184092851,77.55161182066843,14.09,5.53,1,1,South-West,1966,6,2024-08-26
LST0381,12185687,5232,5,1,6,7,16,Villa,Hebbal,13.053178404973265,77.73863496459225,14.77,2.47,5,1,South-West,1889,10,2024-06-22
LST0382,33024204,4196,2,3,3,14,15,Villa,Yelahanka,13.026709463945135,77.59742889319554,12.05,8.52,7,2,South,4061,5,2021-04-30
LST0383,17900027,3883,1,2,8,7,29,Villa,Jayanagar,13.091815896881592,77.57152283695197,11.47,4.09,2,0,North,7461,13,2023-12-09
LST0384,25268806,2203,5,3,4,18,11,Independent,Electronic City,13.05666301436516,77.70362563567618,10.37,2.61,5,1,East,7166,2,2023-02-06
LST0385,9512440,666,2,3,2,14,2,Apartment,Jayanagar,13.075773431969134,77.65009546317334,2.91,8.16,6,1,East,7967,10,2020-08-21
LST0386,15431395,832,4,2,1,7,10,Apartment,Electronic City,13.083392770864412,77.63675411320361,1.36,3.56,7,2,North-East,9101,10,2023-02-10
LST0387,9099628,2756,2,4,1,9,13,Independent,Yelahanka,13.050336997968452,77.59990061593655,10.52,1.29,1,2,South,8379,7,2023-01-27
LST0388,32093907,1769,3,1,2,17,17,Apartment,Whitefield,13.018564710501625,77.65949429797246,11.07,5.79,7,2,West,8280,2,2023-08-23
LST0389,43110400,2758,2,4,1,9,20,Apartment,Hebbal,12.851429645340197,77.60487692104051,1.18,5.9,4,2,East,2067,1,2021-08-05
LST0390,39253447,4806,2,1,3,8,20,Villa,Banashankari,12.96645643830578,77.73031660105741,13.96,7.2,8,2,South,5223,7,2023-11-28
LST0391,29451949,2093,3,3,1,5,4,Villa,Banashankari,12.99279057465559,77.59304089594664,1.82,2.55,4,2,North,5607,5,2024-04-28
LST0392,19722573,5318,5,1,9,9,15,Independent,Koramangala,12.926007568112,77.72687103009115,4.65,4.55,6,0,North-East,4985,1,2021-05-23
LST0393,45392022,4607,5,3,8,14,19,Independent,Marathahalli,12.929526111725867,77.66188108514547,10.25,2.97,9,1,South-West,4179,4,2023-12-21
LST0394,5503771,3072,2,4,1,9,4,Apartment,Whitefield,13.09028985392754,77.71569762677905,2.96,0.99,5,0,North,5538,12,2020-11-17
LST0395,6177825,3260,3,3,8,8,2,Villa,Banashankari,13.072927716300686,77.69256919917218,1.3,8.79,4,0,East,3362,13,2020-05-25
LST0396,3996161,3339,3,4,5,10,11,Independent,Jayanagar,13.062294751375426,77.68933902228734,5.3,7.34,8,2,East,3224,4,2022-08-09
LST0397,7183839,2361,4,2,0,14,0,Independent,Marathahalli,12.951502950426526,77.614869161539,11.61,3.15,9,1,North,7371,10,2024-10-30
LST0398,3666326,4114,5,2,3,8,20,Independent,Whitefield,12.853424637602227,77.59677938629444,6.5,6.07,4,0,East,2726,7,2020-10-25
LST0399,3649150,2575,1,2,0,18,28,Independent,HSR Layout,12.870055561613928,77.59217724553615,9.97,2.17,3,2,South,6791,9,2023-08-09
LST0400,23153173,2962,5,3,5,11,8,Independent,HSR Layout,12.928049092054401,77.72143833141192,8.9,8.92,8,2,East,9073,2,2024-08-04
LST0401,3118834,1476,5,2,3,11,28,Independent,Marathahalli,12.853935728248919,77.7140853640518,0.82,1.33,5,1,North-East,9458,12,2021-10-01
LST0402,25725756,4412,4,1,2,6,8,Apartment,Electronic City,12.8542874454788,77.63811470560246,14.83,0.24,2,0,South,8013,14,2022-09-25
LST0403,49422165,4048,1,4,2,7,3,Villa,Electronic City,13.079150825410602,77.57648092269929,1.1,5.12,9,0,West,1837,1,2022-04-05
LST0404,7422201,1912,4,4,8,5,2,Villa,Jayanagar,13.026539625529763,77.6264504503955,14.53,5.91,3,0,East,5584,2,2024-04-16
LST0405,4079600,2060,1,1,5,12,16,Independent,Whitefield,12.927238997517037,77.67386869082738,8.47,5.87,2,2,East,1686,7,2022-11-28
LST0406,29191539,3309,2,3,8,13,1,Villa,Whitefield,12.883161144400239,77.64088063089599,14.47,0.73,1,1,North-East,1356,13,2021-02-15
LST0407,35576169,2924,1,3,4,8,23,Villa,Marathahalli,12.977908929473768,77.7060378536966,2.16,3.28,8,1,North-East,5647,10,2024-07-09
LST0408,46381573,2333,4,4,1,10,0,Villa,Indiranagar,12.851336540213591,77.74952456445028,7.61,5.09,3,0,South-West,5418,6,2021-11-14
LST0409,30447054,2205,5,2,7,13,7,Independent,HSR Layout,13.084603435964535,77.58822641768978,2.96,2.32,7,2,North,7642,4,2024-03-10
LST0410,6503157,3163,1,3,4,10,12,Independent,Whitefield,12.953703779847237,77.64193016393192,1.24,8.75,1,0,North,4391,1,2023-07-03
LST0411,28050090,4021,1,3,1,18,22,Villa,Marathahalli,12.950583738809334,77.63619678038417,9.45,1.05,1,1,North,5357,13,2021-05-17
LST0412,11849851,4117,3,1,3,16,14,Villa,Yelahanka,12.947648401895446,77.61089850654979,3.51,4.98,9,2,North-East,5879,1,2020-10-05
LST0413,31425184,2997,5,1,8,16,7,Independent,Koramangala,12.86733208259694,77.58961910334405,9.02,6.98,8,0,North,6319,5,2021-09-19
LST0414,21762804,4335,2,2,3,16,11,Apartment,Yelahanka,13.009580559947956,77.56313842329793,2.13,2.77,3,0,North,3739,1,2022-07-16
LST0415,28417275,3470,4,3,3,13,21,Villa,Hebbal,13.033250904907089,77.72742386344474,5.31,6.32,6,2,West,5784,12,2022-02-07
LST0416,20781862,1760,2,3,1,19,11,Apartment,Jayanagar,13.019031349397073,77.63396973953726,11.83,8.33,3,1,North,1877,7,2024-05-05
LST0417,34020227,5454,5,1,5,8,13,Villa,Whitefield,12.884608873332349,77.64937910370001,6.84,2.07,4,2,East,3870,13,2022-06-23
LST0418,23644716,842,1,3,1,12,14,Apartment,Hebbal,12.994710042008897,77.73338840964018,9.6,9.19,1,0,South-West,1292,11,2024-05-04
LST0419,32549535,3190,1,4,6,13,14,Apartment,Banashankari,12.992371121043064,77.70525809550318,9.89,5.62,5,0,North-East,9728,1,2024-07-15
LST0420,3449395,1663,5,1,2,8,8,Apartment,Hebbal,13.067102696985344,77.57610025282344,12.73,3.13,1,0,South,3686,1,2022-04-14
LST0421,24921117,4924,1,2,2,9,18,Independent,Marathahalli,12.94478191459391,77.66308399352155,5.21,4.42,1,0,South-West,1233,2,2022-07-27
LST0422,43308782,3195,1,1,4,18,25,Apartment,Whitefield,12.942871485914859,77.63845045530391,10.47,3.26,7,1,West,3374,13,2023-07-23
LST0423,34530803,1519,1,3,2,12,19,Apartment,Koramangala,13.004631764679546,77.70944221451575,14.44,7.31,6,1,North-East,3272,14,2022-07-22
LST0424,36266319,5942,4,2,1,16,28,Apartment,Marathahalli,13.008268163374877,77.69484650952239,11.09,8.0,2,0,North-East,1966,11,2021-10-04
LST0425,33503180,605,4,1,9,14,21,Villa,Marathahalli,12.967321306831447,77.68808114438221,7.6,8.36,2,1,East,1889,12,2023-12-23
LST0426,6379569,1067,3,4,8,18,7,Apartment,Jayanagar,12.960764840582605,77.61810896709598,9.65,9.86,7,1,South-West,4863,10,2022-01-05
LST0427,5900603,4770,2,4,1,10,20,Villa,Jayanagar,12.97353691765947,77.71099274607985,11.23,7.95,1,1,South-West,7154,3,2022-05-13
LST0428,47910237,603,5,1,1,16,18,Apartment,HSR Layout,13.065261324875827,77.56047825911897,9.38,6.09,2,0,North,4400,13,2024-02-04
LST0429,45165906,1245,5,4,7,11,5,Apartment,HSR Layout,12.965291725313477,77.58192498028643,0.74,3.52,8,2,East,9226,11,2024-04-02
LST0430,38201143,717,5,4,8,7,19,Independent,Electronic City,13.084982947992454,77.61712465459559,3.32,5.54,6,2,North,5542,1,2020-03-30
LST0431,25364990,3528,3,4,6,11,24,Villa,Indiranagar,12.97600094089908,77.56536148821385,12.25,0.6,2,2,North,4523,9,2020-07-10
LST0432,9319707,3151,4,2,2,16,28,Apartment,Whitefield,13.087300173295223,77.59699885550694,4.45,7.5,7,0,North-East,2763,10,2023-11-10
LST0433,44522233,5642,3,4,8,18,18,Villa,Whitefield,13.058207975467269,77.71603019659959,11.11,4.57,4,1,South-West,4291,8,2020-01-17
LST0434,4423286,4889,5,4,2,12,3,Villa,Hebbal,12.940607830653956,77.73965030755802,5.9,0.4,2,1,North,3488,5,2021-11-18
LST0435,6695961,1446,2,4,4,14,22,Independent,Whitefield,13.065910355324153,77.61092047115484,8.07,0.81,6,0,West,2558,13,2021-03-24
LST0436,44771748,3362,1,2,8,10,6,Independent,Whitefield,12.87751582105028,77.60290316079777,1.49,4.0,9,0,West,5690,11,2021-09-17
LST0437,43902772,1741,4,1,2,19,27,Independent,Indiranagar,13.081261793835754,77.60597853044928,3.13,5.92,9,2,South-West,7121,2,2020-06-01
LST0438,14802429,2410,4,3,6,14,27,Independent,Banashankari,13.007910878770723,77.60554381747016,14.38,4.75,8,2,West,3276,5,2020-05-18
LST0439,36737494,1323,3,4,0,13,3,Independent,HSR Layout,12.863597687130577,77.55718603643719,13.41,6.27,3,0,North-East,5439,6,2023-12-24
LST0440,30657342,824,4,1,3,17,21,Independent,HSR Layout,13.011064180912703,77.73538326926622,9.96,4.91,3,2,East,2103,14,2024-09-03
LST0441,39396424,5227,5,4,3,10,11,Independent,Koramangala,13.093561913536188,77.59273962831406,7.16,6.68,2,1,South,8520,1,2024-10-19
LST0442,7294539,4808,5,2,6,16,12,Independent,Whitefield,12.867450163653658,77.63400081481628,10.3,2.35,5,0,North,6409,11,2021-05-09
LST0443,14609076,5254,3,1,7,13,2,Apartment,Indiranagar,12.98867192744502,77.5519373765482,9.47,1.31,4,0,South,8869,4,2023-09-24
LST0444,9095929,2648,5,2,0,17,21,Villa,HSR Layout,13.036948587439843,77.721591018183,8.74,6.05,7,1,East,3956,9,2020-01-22
LST0445,41498937,5349,2,4,4,8,11,Independent,Indiranagar,13.052564646674883,77.69623146889099,1.36,4.95,4,1,East,8710,2,2023-06-12
LST0446,3803328,5015,3,4,6,12,1,Independent,Yelahanka,12.953456866330198,77.73935120703474,9.68,0.46,9,1,North-East,7017,5,2023-02-01
LST0447,23840174,2173,2,2,3,15,23,Villa,Banashankari,12.90104163979206,77.70632309583928,11.65,3.93,2,2,West,4384,1,2022-04-26
LST0448,4043233,2428,1,3,3,8,1,Apartment,Whitefield,12.860585569693095,77.61274130241041,14.91,1.24,6,0,West,1028,4,2020-08-31
LST0449,26245919,2517,2,2,3,6,26,Villa,Koramangala,12.994931539274306,77.59957467174569,0.66,5.41,7,2,East,9897,4,2021-07-15
LST0450,13100349,4834,1,4,5,14,22,Villa,Hebbal,12.963227767566902,77.68954326151066,11.09,4.08,4,1,North-East,8756,6,2023-12-25
LST0451,3529525,2626,1,2,6,15,8,Independent,HSR Layout,13.087186098787427,77.6228225550021,8.79,6.21,6,2,North-East,7948,10,2021-01-06
LST0452,19953831,4344,2,3,1,13,0,Villa,Yelahanka,12.865151226928727,77.66324300315053,6.79,8.09,7,1,South-West,6755,9,2022-05-25
LST0453,10474447,1501,3,2,4,9,7,Villa,Indiranagar,13.0213488358615,77.55125149420529,2.35,3.14,4,2,North,4602,3,2022-12-12
LST0454,7601020,5385,5,3,3,8,22,Independent,Jayanagar,12.856241555530014,77.5623771403361,6.43,9.63,8,2,West,6062,9,2023-05-07
LST0455,18126502,2639,5,3,2,6,5,Independent,Marathahalli,12.892858544177635,77.65707358823633,5.64,5.45,9,1,East,9071,6,2023-10-28
LST0456,6699391,609,1,2,6,5,5,Independent,Whitefield,12.963394749980708,77.66321432928963,4.89,6.26,1,2,South-West,8244,7,2021-09-07
LST0457,35122302,860,1,2,5,15,21,Independent,Whitefield,12.963718110700716,77.70029058889187,11.1,6.87,7,0,South,7372,12,2022-09-11
LST0458,13074901,2273,3,1,6,11,24,Villa,Yelahanka,13.021425135733411,77.57639306392478,10.66,6.73,9,2,West,8105,10,2022-08-18
LST0459,6612610,2819,4,4,4,10,17,Villa,Indiranagar,13.07755325871694,77.65263661675135,9.04,5.21,5,2,North,4581,2,2024-11-02
LST0460,18192217,2660,2,3,5,19,16,Apartment,Electronic City,13.00975803972873,77.58888952888634,14.11,4.4,2,0,North-East,3762,11,2021-03-26
LST0461,13292658,5887,1,1,4,19,28,Apartment,Whitefield,13.088383774462876,77.56863922391254,5.57,0.73,6,1,East,1572,10,2021-05-12
LST0462,36698788,4313,5,2,6,6,11,Villa,Electronic City,13.0704039099695,77.63209915881211,4.04,0.42,7,0,West,8705,14,2024-11-07
LST0463,49341205,2219,3,4,1,12,5,Apartment,Jayanagar,12.996124948882697,77.5826673296178,10.01,3.71,2,2,South,1614,6,2020-10-20
LST0464,31766157,920,2,1,4,15,25,Villa,Yelahanka,13.058447987729707,77.59435639563846,3.38,3.47,2,1,North,5050,6,2022-02-20
LST0465,4748014,1942,3,3,5,8,26,Apartment,Indiranagar,13.010644402580908,77.6135109159739,5.07,4.0,1,2,North,1325,2,2020-06-10
LST0466,43711152,2976,2,1,5,12,7,Independent,Indiranagar,12.869639457730932,77.60187768014863,3.76,1.56,4,2,South-West,4740,2,2023-06-19
LST0467,49216125,3432,2,3,4,19,18,Apartment,Banashankari,13.035141180814877,77.56751825948119,1.5,7.43,7,0,West,1358,14,2023-05-13
LST0468,5288627,3424,1,2,9,11,27,Independent,Marathahalli,12.873727110316835,77.56798324897194,12.5,8.6,9,0,South,4777,2,2020-05-03
LST0469,17840260,2594,3,4,6,9,9,Independent,HSR Layout,12.998520695142428,77.58864988304683,4.19,9.4,3,1,North,6906,10,2021-05-03
LST0470,26295179,3558,3,4,9,14,0,Independent,HSR Layout,13.025660051464557,77.5601118375919,7.36,5.03,7,1,East,2721,12,2023-05-23
LST0471,9597519,2638,5,4,7,14,24,Independent,Hebbal,12.866631902052713,77.67529140393539,1.13,7.07,7,1,North,2349,1,2024-03-11
LST0472,20541337,4090,5,2,6,16,28,Apartment,Koramangala,12.907698663481632,77.60746534330178,10.64,8.58,7,2,South,4696,5,2023-04-26
LST0473,34099311,4277,1,3,4,12,12,Villa,Yelahanka,13.078918058065412,77.60594919355381,5.29,4.3,2,0,North-East,4896,8,2024-02-14
LST0474,46112788,1718,1,2,0,18,16,Independent,Jayanagar,13.004078623058223,77.61639965884756,11.3,3.23,6,0,North-East,5260,2,2020-11-20
LST0475,23279846,2204,4,4,4,13,2,Apartment,Indiranagar,12.911571504702632,77.68255925484195,6.48,9.38,2,0,South-West,7941,13,2022-09-26
LST0476,13970723,4627,5,2,9,9,7,Independent,Marathahalli,13.022669942787001,77.7241267762967,3.34,5.25,6,1,West,4808,5,2023-10-17
LST0477,8698848,835,2,2,1,14,13,Apartment,Electronic City,12.999194104990423,77.70181738651112,7.94,5.07,3,0,South,6246,12,2020-12-04
LST0478,42293284,2569,3,2,4,9,2,Apartment,Yelahanka,12.975393924979487,77.69550584604502,2.39,1.95,2,0,South-West,9384,8,2020-10-12
LST0479,36843222,5029,1,3,4,6,15,Apartment,Hebbal,13.09404674374702,77.64687823712016,6.89,1.26,6,0,North,4845,10,2022-04-06
LST0480,8084921,2508,3,1,1,9,12,Villa,Yelahanka,13.020863444351876,77.68876111139348,5.1,8.45,2,1,North,3577,14,2022-09-30
LST0481,30810313,975,3,1,4,7,19,Apartment,Hebbal,12.943860277416977,77.66055247360671,13.72,6.22,5,0,North-East,1091,5,2023-08-08
LST0482,46351876,4130,4,2,3,11,23,Apartment,Indiranagar,13.050018358019218,77.59325010563731,1.38,3.39,2,1,South-West,5234,2,2021-10-12
LST0483,49787763,5856,5,1,0,14,16,Villa,Koramangala,13.071145823230296,77.5917176735482,10.56,2.08,3,0,North-East,9672,3,2021-09-12
LST0484,6693305,3235,1,1,2,9,12,Villa,Hebbal,12.881305139879208,77.60927840137505,3.15,5.64,3,0,East,7592,6,2022-06-07
LST0485,16470137,2170,3,2,0,12,28,Apartment,Indiranagar,12.900138244461317,77.73216053419397,5.13,5.92,6,0,North-East,9128,11,2024-08-27
LST0486,7466271,3160,1,2,4,5,5,Villa,Indiranagar,12.904056752281944,77.65948296807595,6.52,2.23,6,1,East,2075,11,2022-06-23
LST0487,37907127,3991,2,4,3,7,16,Independent,Koramangala,13.022802952346634,77.69678107540037,13.67,8.54,3,1,North,3513,5,2021-04-20
LST0488,13495300,3565,4,1,6,7,13,Independent,HSR Layout,13.000759888763321,77.61931175196331,4.02,1.03,3,0,South-West,9168,11,2022-07-14
LST0489,31709379,4243,2,3,4,13,16,Villa,Yelahanka,13.004747891174647,77.63154315413304,1.82,3.69,1,2,East,7861,4,2024-08-09
LST0490,30814927,4450,1,2,9,9,29,Villa,Whitefield,13.085193324922376,77.57511311572745,5.12,6.87,7,1,South-West,9990,4,2024-02-21
LST0491,37654999,1472,1,4,3,16,7,Apartment,Whitefield,13.043977883201826,77.58425899156433,2.02,2.89,8,1,South-West,1604,5,2021-04-10
LST0492,30451727,1852,5,3,1,13,10,Villa,Electronic City,12.881984231127946,77.71547131096523,2.36,8.31,2,0,East,3979,2,2021-11-01
LST0493,10706358,1914,3,1,3,17,19,Apartment,Electronic City,12.936876770606295,77.66696772633777,8.82,7.45,4,2,West,8140,9,2020-09-12
LST0494,31997889,5420,3,4,1,13,27,Independent,Whitefield,12.958848411543933,77.61750649317676,1.38,7.93,7,0,North-East,8065,2,2022-03-31
LST0495,49756336,3498,2,2,7,5,0,Villa,Jayanagar,12.9489903971869,77.7105702417991,0.95,1.37,8,1,East,5916,10,2022-11-24
LST0496,36603547,677,4,3,2,6,25,Apartment,Whitefield,13.01732715229047,77.59930398112759,10.86,1.58,1,1,North,7800,2,2023-10-24
LST0497,35859007,3221,3,2,8,9,6,Apartment,Electronic City,13.07297327581414,77.74520653972004,5.74,3.01,4,0,South-West,1597,10,2021-05-20
LST0498,14726298,4827,5,1,3,8,20,Independent,Marathahalli,12.926512865880696,77.61896352154923,2.32,5.28,6,0,South,8320,14,2021-07-23
LST0499,20498963,1200,2,3,5,19,20,Villa,Electronic City,12.987969284105295,77.61746219083024,4.18,7.53,3,2,East,9705,9,2020-03-17
LST0500,25734731,1665,2,1,9,14,16,Independent,Jayanagar,13.047352355478395,77.61238238110734,9.81,8.4,5,2,North-East,6622,14,2022-03-07
